{
    "web": {
        "client_id": "525929077680-dqlk1q0jsqadookqgjrcl0k2778fbtl1.apps.googleusercontent.com",
        "project_id": "meet-app-324611",
        "auth_uri": "https://accounts.google.com/o/oauth2/auth",
        "token_uri": "https://oauth2.googleapis.com/token",
        "auth_provider_x509_cert_url": "https://www.googleapis.com/oauth2/v1/certs",
        "client_secret": "HxCHC4sPqmHZ_HqGcumo8xYx",
        "redirect_uris": ["https://warpedpuppy.github.io/meet/"],
        "javascript_origins": ["https://warpedpuppy.github.io"]
    }
}